id_mutation,date_mutation,valeur_fonciere,surface,pieces,adresse,numero,code_postal,n_rows,eur_per_m2
2024-1193437,2024-01-03,221000.0,20.0,1.0,RUE DE MONTMORENCY,38.0,75003.0,1,11050.0
2024-1193325,2024-01-04,130331.0,11.0,1.0,RUE DE TURENNE,45.0,75003.0,1,11848.272727272728
2024-1193456,2024-01-05,1530000.0,76.0,2.0,RUE DE LA CORDERIE,11.0,75003.0,2,20131.57894736842
2024-1193397,2024-01-08,197980.0,19.0,1.0,RUE NOTRE-DAME DE NAZARETH,40.0,75003.0,1,10420.0
2024-1194225,2024-01-10,616030.0,52.0,3.0,RUE SAINT GILLES,11.0,75003.0,2,11846.73076923077
2024-1193781,2024-01-12,175000.0,16.0,1.0,RUE AU MAIRE,23.0,75003.0,1,10937.5
2024-1193892,2024-01-12,390000.0,39.0,2.0,RUE NOTRE-DAME DE NAZARETH,12.0,75003.0,1,10000.0
2024-1193617,2024-01-15,251500.0,20.0,1.0,RUE BEAUBOURG,103.0,75003.0,1,12575.0
2024-1193641,2024-01-15,480000.0,35.0,1.0,BD BEAUMARCHAIS,113.0,75003.0,1,13714.285714285714
2024-1193579,2024-01-16,316800.0,32.0,2.0,RUE DES GRAVILLIERS,70.0,75003.0,1,9900.0
2024-1193636,2024-01-17,1070000.0,103.0,4.0,RUE DE TURENNE,92.0,75003.0,1,10388.349514563106
2024-1194034,2024-01-17,820000.0,63.0,4.0,RUE DE TURENNE,117.0,75003.0,1,13015.873015873016
2024-1193842,2024-01-19,183000.0,32.0,1.0,BD BEAUMARCHAIS,83.0,75003.0,1,5718.75
2024-1194453,2024-01-23,150000.0,16.0,1.0,RUE DES TOURNELLES,45.0,75003.0,1,9375.0
2024-1194646,2024-01-24,555000.0,67.0,2.0,RUE MESLAY,31.0,75003.0,1,8283.58208955224
2024-1194007,2024-01-25,300000.0,35.0,1.0,RUE CHARLOT,20.0,75003.0,1,8571.42857142857
2024-1194315,2024-01-26,443255.0,18.0,2.0,RUE DES GRAVILLIERS,43.0,75003.0,1,24625.277777777777
2024-1193894,2024-01-26,250000.0,22.0,1.0,RUE NOTRE-DAME DE NAZARETH,40.0,75003.0,1,11363.636363636364
2024-1194481,2024-01-29,543689.0,40.0,2.0,RUE VIEILLE DU TEMPLE,75.0,75003.0,1,13592.225
2024-1193769,2024-01-29,257562.0,23.0,1.0,RUE NOTRE-DAME DE NAZARETH,40.0,75003.0,1,11198.347826086956
2024-1194013,2024-01-30,505000.0,43.0,2.0,RUE DES GRAVILLIERS,24.0,75003.0,1,11744.186046511628
2024-1194751,2024-01-30,172000.0,15.0,1.0,RUE DE TURENNE,48.0,75003.0,1,11466.666666666666
2024-1194360,2024-01-31,810000.0,73.0,3.0,RUE MESLAY,13.0,75003.0,1,11095.890410958904
2024-1194462,2024-02-02,224200.0,20.0,1.0,RUE RAMBUTEAU,24.0,75003.0,1,11210.0
2024-1194489,2024-02-06,168000.0,16.0,1.0,RUE DE LA CORDERIE,18.0,75003.0,1,10500.0
2024-1194727,2024-02-07,484313.0,50.0,2.0,RUE DE BEAUCE,18.0,75003.0,1,9686.26
2024-1194849,2024-02-14,1171000.0,61.0,3.0,RUE DES ARCHIVES,69.0,75003.0,1,19196.72131147541
2024-1194955,2024-02-16,449500.0,40.0,2.0,RUE DES GRAVILLIERS,35.0,75003.0,1,11237.5
2024-1195027,2024-02-22,317000.0,29.0,2.0,RUE VIEILLE DU TEMPLE,83.0,75003.0,1,10931.034482758621
2024-1195183,2024-02-23,367924.53,45.0,3.0,RUE REAUMUR,38.0,75003.0,1,8176.100666666667
2024-1195299,2024-02-23,314795.0,26.0,1.0,RUE DES GRAVILLIERS,33.0,75003.0,1,12107.5
2024-1195596,2024-02-23,112000.0,13.0,1.0,RUE MESLAY,15.0,75003.0,1,8615.384615384615
2024-1195914,2024-02-26,200000.0,26.0,2.0,RUE NOTRE-DAME DE NAZARETH,57.0,75003.0,1,7692.307692307692
2024-1195237,2024-02-26,284800.0,26.0,1.0,RUE DE MONTMORENCY,38.0,75003.0,1,10953.846153846154
2024-1195588,2024-02-26,397380.0,31.0,2.0,RUE BAILLY,7.0,75003.0,1,12818.709677419354
2024-1195500,2024-02-27,230000.0,18.0,1.0,RUE CHARLOT,47.0,75003.0,1,12777.777777777777
2024-1195514,2024-02-27,452500.0,40.0,2.0,RUE VOLTA,1.0,75003.0,1,11312.5
2024-1195569,2024-02-28,300000.0,23.0,1.0,RUE DU PAS DE LA MULE,8.0,75003.0,1,13043.478260869566
2024-1195675,2024-02-29,485000.0,39.0,2.0,RUE DU TEMPLE,129.0,75003.0,1,12435.897435897436
2024-1195229,2024-02-29,300000.0,25.0,1.0,RUE DU FOREZ,6.0,75003.0,1,12000.0
2024-1195388,2024-02-29,960000.0,85.0,5.0,RUE NOTRE-DAME DE NAZARETH,12.0,75003.0,1,11294.117647058823
2024-1195654,2024-03-01,259000.0,22.0,1.0,RUE MESLAY,48.0,75003.0,1,11772.727272727272
2024-1199318,2024-03-01,387000.0,31.0,2.0,RUE NOTRE-DAME DE NAZARETH,36.0,75003.0,1,12483.870967741936
2024-1196124,2024-03-04,435000.0,48.0,2.0,RUE DU PONT AUX CHOUX,6.0,75003.0,1,9062.5
2024-1195981,2024-03-05,314500.0,24.0,1.0,RUE CHARLOT,69.0,75003.0,1,13104.166666666666
2024-1195849,2024-03-06,284000.0,25.0,1.0,RUE SAINT MARTIN,314.0,75003.0,1,11360.0
2024-1195845,2024-03-07,1100000.0,180.0,6.0,IMP SAINT CLAUDE,4.0,75003.0,1,6111.111111111111
2024-1196341,2024-03-07,131950.0,12.0,1.0,RUE DE TURBIGO,87.0,75003.0,1,10995.833333333334
2024-1196193,2024-03-08,740000.0,50.0,2.0,RUE DES ARCHIVES,90.0,75003.0,1,14800.0
2024-1196229,2024-03-08,320500.0,30.0,2.0,RUE DES TOURNELLES,31.0,75003.0,1,10683.333333333334
2024-1196240,2024-03-08,950000.0,85.0,4.0,RUE DES ARCHIVES,80.0,75003.0,1,11176.470588235294
2024-1196465,2024-03-12,395000.0,42.0,1.0,RUE DE TURENNE,53.0,75003.0,1,9404.761904761905
2024-1196412,2024-03-13,179000.0,13.0,1.0,RUE NOTRE-DAME DE NAZARETH,65.0,75003.0,1,13769.23076923077
2024-1195982,2024-03-14,97000.0,11.0,1.0,RUE NOTRE-DAME DE NAZARETH,38.0,75003.0,1,8818.181818181818
2024-1195975,2024-03-15,333000.0,25.0,1.0,RUE BERANGER,4.0,75003.0,1,13320.0
2024-1196600,2024-03-18,231500.0,26.0,1.0,RUE DES VERTUS,24.0,75003.0,1,8903.846153846154
2024-1196634,2024-03-18,315000.0,29.0,1.0,RUE CHARLES-FRANCOIS DUPUIS,6.0,75003.0,1,10862.068965517241
2024-1196837,2024-03-18,2231760.0,225.0,6.0,RUE DE THORIGNY,16.0,75003.0,3,9918.933333333332
2024-1196738,2024-03-19,301000.0,31.0,2.0,RUE CHAPON,56.0,75003.0,1,9709.677419354839
2024-1196569,2024-03-20,1232000.0,100.0,4.0,RUE NOTRE-DAME DE NAZARETH,28.0,75003.0,1,12320.0
2024-1197449,2024-03-21,400000.0,34.0,3.0,RUE VIEILLE DU TEMPLE,97.0,75003.0,1,11764.70588235294
2024-1197170,2024-03-22,385000.0,33.0,2.0,RUE SAINT MARTIN,163.0,75003.0,1,11666.666666666666
2024-1196850,2024-03-25,63000.0,10.0,1.0,RUE DE TURENNE,70.0,75003.0,1,6300.0
2024-1196975,2024-03-26,248840.0,15.0,1.0,RUE SAINT GILLES,20.0,75003.0,1,16589.333333333332
2024-1197777,2024-03-26,159000.0,15.0,1.0,RUE CHAPON,56.0,75003.0,1,10600.0
2024-1196787,2024-03-28,192000.0,19.0,2.0,RUE DE PICARDIE,14.0,75003.0,1,10105.263157894737
2024-1197486,2024-03-28,380000.0,40.0,2.0,RUE GRENETA,7.0,75003.0,1,9500.0
2024-1196558,2024-03-28,700575.0,90.0,4.0,RUE QUINCAMPOIX,99.0,75003.0,1,7784.166666666667
2024-1196871,2024-03-29,883110.0,61.0,3.0,RUE DU TEMPLE,103.0,75003.0,1,14477.213114754099
2024-1197248,2024-04-02,375000.0,13.0,1.0,RUE DU TEMPLE,94.0,75003.0,1,28846.153846153848
2024-1196812,2024-04-03,400000.0,30.0,2.0,RUE DU TEMPLE,85.0,75003.0,1,13333.333333333334
2024-1197583,2024-04-03,140000.0,19.0,2.0,RUE DES GRAVILLIERS,61.0,75003.0,1,7368.421052631579
2024-1197295,2024-04-04,164320.0,20.0,1.0,RUE CHAPON,66.0,75003.0,1,8216.0
2024-1197267,2024-04-05,730000.0,70.0,2.0,RUE DUPETIT-THOUARS,22.0,75003.0,1,10428.57142857143
2024-1197103,2024-04-05,215000.0,17.0,1.0,RUE BEAUBOURG,28.0,75003.0,1,12647.058823529413
2024-1197433,2024-04-08,710000.0,65.0,3.0,RUE DES GRAVILLIERS,30.0,75003.0,1,10923.076923076924
2024-1197999,2024-04-09,1252300.0,120.0,4.0,RUE DE TURENNE,84.0,75003.0,1,10435.833333333334
2024-1197757,2024-04-11,174340.0,16.0,1.0,RUE REAUMUR,36.0,75003.0,1,10896.25
2024-1197434,2024-04-11,267650.0,24.0,1.0,RUE NOTRE-DAME DE NAZARETH,47.0,75003.0,1,11152.083333333334
2024-1197665,2024-04-15,450000.0,27.0,2.0,RUE VIEILLE DU TEMPLE,106.0,75003.0,1,16666.666666666668
2024-1197477,2024-04-16,464640.0,32.0,2.0,RUE DU PONT AUX CHOUX,20.0,75003.0,1,14520.0
2024-1198853,2024-04-22,1392000.0,71.0,3.0,RUE DE MONTMORENCY,20.0,75003.0,1,19605.6338028169
2024-1197961,2024-04-23,56000.0,10.0,1.0,RUE DU FOREZ,6.0,75003.0,1,5600.0
2024-1198754,2024-04-25,361650.0,29.0,1.0,RUE DU VERTBOIS,22.0,75003.0,1,12470.689655172413
2024-1198400,2024-04-25,215000.0,16.0,1.0,RUE DU TEMPLE,170.0,75003.0,1,13437.5
2024-1198646,2024-04-26,225000.0,20.0,2.0,RUE DU PONT AUX CHOUX,16.0,75003.0,1,11250.0
2024-1198339,2024-04-26,218000.0,16.0,1.0,RUE CHARLOT,69.0,75003.0,1,13625.0
2024-1197962,2024-04-29,421500.0,37.0,1.0,RUE DE BRETAGNE,67.0,75003.0,1,11391.891891891892
2024-1198750,2024-04-29,207500.0,18.0,1.0,BD DE SEBASTOPOL,56.0,75003.0,1,11527.777777777777
2024-1198913,2024-04-30,108000.0,10.0,1.0,RUE DES FILLES DU CALVAIRE,16.0,75003.0,1,10800.0
2024-1198266,2024-04-30,326030.0,28.0,2.0,RUE DE TURENNE,121.0,75003.0,1,11643.92857142857
2024-1198304,2024-04-30,208300.0,16.0,1.0,RUE DU TEMPLE,170.0,75003.0,1,13018.75
2024-1199361,2024-05-02,995550.0,75.0,4.0,RUE DU PONT AUX CHOUX,11.0,75003.0,1,13274.0
2024-1198568,2024-05-06,275000.0,20.0,1.0,RUE VIEILLE DU TEMPLE,75.0,75003.0,1,13750.0
2024-1199081,2024-05-07,178500.0,25.0,1.0,RUE AU MAIRE,27.0,75003.0,1,7140.0
2024-1198598,2024-05-07,255000.0,20.0,1.0,RUE DES GRAVILLIERS,65.0,75003.0,1,12750.0
2024-1199213,2024-05-14,170000.0,28.0,2.0,RUE DU TEMPLE,170.0,75003.0,2,6071.428571428572
2024-1198757,2024-05-16,275000.0,33.0,2.0,RUE DE SAINTONGE,4.0,75003.0,1,8333.333333333334
2024-1199891,2024-05-16,301750.0,27.0,1.0,RUE DE POITOU,23.0,75003.0,1,11175.925925925925
2024-1199882,2024-05-16,2000350.0,70.0,2.0,RUE DES ARCHIVES,78.0,75003.0,1,28576.428571428572
2024-1199589,2024-05-16,509200.0,43.0,2.0,RUE DU VERTBOIS,4.0,75003.0,1,11841.860465116279
2024-1198987,2024-05-16,850000.0,76.0,4.0,RUE VIEILLE DU TEMPLE,113.0,75003.0,1,11184.21052631579
2024-1199412,2024-05-16,390000.0,37.0,2.0,RUE VOLTA,28.0,75003.0,1,10540.54054054054
2024-1199196,2024-05-17,284870.0,26.0,1.0,RUE DE LA CORDERIE,11.0,75003.0,1,10956.538461538461
2024-1199536,2024-05-21,277000.0,25.0,1.0,RUE DES ARCHIVES,86.0,75003.0,1,11080.0
2024-1199452,2024-05-24,400000.0,35.0,3.0,RUE CHARLOT,22.0,75003.0,1,11428.57142857143
2024-1200185,2024-05-24,284000.0,24.0,1.0,RUE VOLTA,52.0,75003.0,1,11833.333333333334
2024-1200170,2024-05-24,200560.0,12.0,1.0,RUE CHARLOT,55.0,75003.0,1,16713.333333333332
2024-1200149,2024-05-27,205598.0,22.0,1.0,RUE QUINCAMPOIX,72.0,75003.0,1,9345.363636363636
2024-1200201,2024-05-27,750000.0,56.0,3.0,RUE RAMBUTEAU,10.0,75003.0,1,13392.857142857143
2024-1199646,2024-05-28,185920.0,22.0,1.0,RUE AU MAIRE,21.0,75003.0,1,8450.90909090909
2024-1200753,2024-05-28,512500.0,45.0,1.0,RUE DES ARQUEBUSIERS,3.0,75003.0,1,11388.888888888889
2024-1200593,2024-05-28,363000.0,30.0,2.0,RUE CHAPON,38.0,75003.0,1,12100.0
2024-1200195,2024-05-28,400000.0,27.0,1.0,RUE CHARLOT,43.0,75003.0,1,14814.814814814816
2024-1200985,2024-05-29,580000.0,53.0,2.0,RUE BEAUBOURG,78.0,75003.0,1,10943.396226415094
2024-1199676,2024-05-30,210000.0,25.0,1.0,RUE SAINT MARTIN,163.0,75003.0,1,8400.0
2024-1199699,2024-05-31,218500.0,19.0,1.0,RUE DE PICARDIE,14.0,75003.0,1,11500.0
2024-1200157,2024-06-04,386000.0,33.0,1.0,RUE REAUMUR,38.0,75003.0,1,11696.969696969696
2024-1200520,2024-06-05,611000.0,94.0,3.0,RUE DU BOURG L ABBE,8.0,75003.0,2,6500.0
2024-1200853,2024-06-05,197000.0,24.0,1.0,RUE REAUMUR,26.0,75003.0,1,8208.333333333334
2024-1199701,2024-06-05,330000.0,32.0,1.0,RUE DUPETIT-THOUARS,22.0,75003.0,1,10312.5
2024-1199885,2024-06-06,527000.0,42.0,1.0,RUE DE TURENNE,66.0,75003.0,1,12547.619047619048
2024-1200851,2024-06-07,947200.0,60.0,2.0,RUE DES GRAVILLIERS,5.0,75003.0,1,15786.666666666666
2024-1200145,2024-06-10,515000.0,32.0,2.0,RUE DE BRETAGNE,49.0,75003.0,1,16093.75
2024-1200377,2024-06-17,801000.0,76.0,3.0,RUE NOTRE-DAME DE NAZARETH,26.0,75003.0,1,10539.473684210527
2024-1201564,2024-06-17,366829.0,40.0,3.0,RUE VIEILLE DU TEMPLE,60.0,75003.0,1,9170.725
2024-1200704,2024-06-18,192678.23,17.0,1.0,RUE VOLTA,45.0,75003.0,1,11334.013529411764
2024-1201247,2024-06-19,66500.0,12.0,1.0,RUE DU GRENIER SAINT LAZARE,6.0,75003.0,1,5541.666666666667
2024-1201562,2024-06-19,650000.0,90.0,3.0,RUE DE SAINTONGE,4.0,75003.0,1,7222.222222222223
2024-1201241,2024-06-19,730000.0,115.0,2.0,RUE RAMBUTEAU,24.0,75003.0,1,6347.826086956522
2024-1201378,2024-06-20,1442020.0,90.0,3.0,RUE DES GRAVILLIERS,24.0,75003.0,1,16022.444444444445
2024-1201563,2024-06-20,220000.0,16.0,1.0,RUE DE TURENNE,104.0,75003.0,1,13750.0
2024-1200799,2024-06-20,999865.0,77.0,3.0,RUE CHARLOT,77.0,75003.0,1,12985.25974025974
2024-1201439,2024-06-20,631000.0,55.0,2.0,RUE DE THORIGNY,6.0,75003.0,1,11472.727272727272
2024-1201504,2024-06-21,330000.0,30.0,1.0,RUE DU VERTBOIS,22.0,75003.0,1,11000.0
2024-1201495,2024-06-21,914225.0,62.0,2.0,RUE DES ARCHIVES,55.0,75003.0,1,14745.564516129032
2024-1201028,2024-06-21,253800.0,42.0,1.0,RUE AU MAIRE,23.0,75003.0,1,6042.857142857143
2024-1200880,2024-06-21,450000.0,34.0,2.0,RUE DU TEMPLE,138.0,75003.0,1,13235.29411764706
2024-1201686,2024-06-24,250000.0,21.0,1.0,RUE NOTRE-DAME DE NAZARETH,40.0,75003.0,1,11904.761904761905
2024-1202105,2024-06-25,275000.0,24.0,2.0,RUE DES VERTUS,5.0,75003.0,1,11458.333333333334
2024-1201422,2024-06-25,477000.0,41.0,2.0,RUE VIEILLE DU TEMPLE,113.0,75003.0,1,11634.146341463415
2024-1201912,2024-06-25,373000.0,31.0,2.0,RUE CAFFARELLI,8.0,75003.0,1,12032.258064516129
2024-1201177,2024-06-27,605000.0,55.0,2.0,RUE DES VERTUS,28.0,75003.0,1,11000.0
2024-1202043,2024-06-27,330050.0,36.0,2.0,RUE AUX OURS,21.0,75003.0,1,9168.055555555555
2024-1201827,2024-06-27,195000.0,20.0,2.0,RUE BEAUBOURG,91.0,75003.0,1,9750.0
2024-1202131,2024-06-28,1350000.0,95.0,3.0,RUE MESLAY,28.0,75003.0,1,14210.526315789473
2024-1201872,2024-06-28,290000.0,20.0,1.0,RUE DES ARCHIVES,73.0,75003.0,1,14500.0
2024-1201295,2024-06-28,668950.0,54.0,2.0,RUE VIEILLE DU TEMPLE,123.0,75003.0,1,12387.962962962964
2024-1202609,2024-07-01,475000.0,36.0,2.0,RUE DES FRANCS BOURGEOIS,50.0,75003.0,1,13194.444444444445
2024-1202321,2024-07-02,1110000.0,95.0,3.0,RUE DES VERTUS,25.0,75003.0,1,11684.21052631579
2024-1201976,2024-07-04,395000.0,22.0,1.0,RUE NOTRE-DAME DE NAZARETH,63.0,75003.0,1,17954.545454545456
2024-1201737,2024-07-04,380000.0,32.0,4.0,RUE CHARLOT,32.0,75003.0,1,11875.0
2024-1201749,2024-07-08,507875.0,41.0,3.0,RUE DES FILLES DU CALVAIRE,7.0,75003.0,1,12387.19512195122
2024-1201585,2024-07-08,705000.0,93.0,3.0,CITE NOEL,3.0,75003.0,1,7580.645161290323
2024-1202569,2024-07-09,170000.0,15.0,1.0,RUE DE SAINTONGE,63.0,75003.0,1,11333.333333333334
2024-1201788,2024-07-11,575000.0,50.0,2.0,RUE DE MONTMORENCY,19.0,75003.0,1,11500.0
2024-1203599,2024-07-11,1294450.0,130.0,2.0,RUE DES FILLES DU CALVAIRE,14.0,75003.0,1,9957.307692307691
2024-1202508,2024-07-12,510360.0,37.0,2.0,RUE DU VERTBOIS,66.0,75003.0,1,13793.513513513513
2024-1202797,2024-07-16,254650.0,25.0,1.0,RUE VOLTA,52.0,75003.0,1,10186.0
2024-1203132,2024-07-17,380800.0,34.0,2.0,RUE DE TURBIGO,40.0,75003.0,1,11200.0
2024-1203212,2024-07-17,273500.0,18.0,1.0,RUE CHARLOT,55.0,75003.0,1,15194.444444444445
2024-1203260,2024-07-17,262500.0,24.0,2.0,RUE NOTRE-DAME DE NAZARETH,43.0,75003.0,1,10937.5
2024-1202496,2024-07-17,881900.0,85.0,2.0,RUE AU MAIRE,51.0,75003.0,1,10375.29411764706
2024-1202934,2024-07-19,1386700.0,102.0,4.0,RUE DE TURENNE,124.0,75003.0,2,13595.098039215687
2024-1203205,2024-07-22,284000.0,24.0,1.0,RUE NOTRE-DAME DE NAZARETH,23.0,75003.0,1,11833.333333333334
2024-1203459,2024-07-24,689600.0,45.0,2.0,RUE DU PONT AUX CHOUX,13.0,75003.0,1,15324.444444444445
2024-1203738,2024-07-24,700000.0,64.0,3.0,RUE DU TEMPLE,72.0,75003.0,1,10937.5
2024-1203309,2024-07-24,240000.0,25.0,1.0,RUE NOTRE-DAME DE NAZARETH,33.0,75003.0,1,9600.0
2024-1203575,2024-07-29,112800.0,10.0,1.0,RUE NOTRE-DAME DE NAZARETH,47.0,75003.0,1,11280.0
2024-1203671,2024-07-30,1270000.0,105.0,6.0,RUE ELZEVIR,16.0,75003.0,2,12095.238095238095
2024-1203471,2024-07-31,190000.0,15.0,1.0,RUE SAINT CLAUDE,10.0,75003.0,1,12666.666666666666
2024-1203821,2024-07-31,356250.0,40.0,2.0,RUE GRENETA,7.0,75003.0,1,8906.25
2024-1203632,2024-07-31,1139000.0,90.0,2.0,RUE DES FRANCS BOURGEOIS,30.0,75003.0,1,12655.555555555555
2024-1203331,2024-08-01,100000.0,10.0,1.0,RUE DE MONTMORENCY,34.0,75003.0,1,10000.0
2024-1203308,2024-08-01,550000.0,44.0,3.0,RUE CHARLOT,63.0,75003.0,2,12500.0
2024-1203703,2024-08-07,160000.0,14.0,1.0,RUE CHARLOT,15.0,75003.0,1,11428.57142857143
2024-1204033,2024-08-12,285000.0,26.0,1.0,RUE BERANGER,19.0,75003.0,1,10961.538461538461
2024-1204102,2024-08-22,269500.0,38.0,3.0,RUE DE BEARN,15.0,75003.0,1,7092.105263157895
2024-1204543,2024-08-23,410500.0,33.0,2.0,RUE DE PICARDIE,11.0,75003.0,1,12439.39393939394
2024-1203992,2024-08-26,1223650.0,78.0,3.0,RUE SAINT MARTIN,204.0,75003.0,1,15687.820512820514
2024-1204010,2024-08-27,125000.0,13.0,1.0,RUE AU MAIRE,57.0,75003.0,1,9615.384615384615
2024-1204181,2024-08-27,407450.0,40.0,2.0,RUE SAINT MARTIN,318.0,75003.0,1,10186.25
2024-1204781,2024-08-27,491690.0,46.0,2.0,RUE DE SAINTONGE,22.0,75003.0,1,10688.91304347826
2024-1205008,2024-08-30,435000.0,36.0,2.0,RUE CHARLOT,58.0,75003.0,1,12083.333333333334
2024-1204373,2024-08-30,460000.0,60.0,3.0,RUE NOTRE-DAME DE NAZARETH,68.0,75003.0,1,7666.666666666667
2024-1204416,2024-09-02,925000.0,82.0,3.0,CITE DUPETIT-THOUARS,4.0,75003.0,1,11280.487804878048
2024-1204441,2024-09-02,420000.0,40.0,2.0,RUE DU GRENIER SAINT LAZARE,6.0,75003.0,1,10500.0
2024-1204320,2024-09-03,286465.0,33.0,1.0,RUE SAINT MARTIN,175.0,75003.0,1,8680.757575757576
2024-1205465,2024-09-03,150000.0,13.0,1.0,RUE COMMINES,12.0,75003.0,1,11538.461538461539
2024-1204755,2024-09-04,761654.0,75.0,2.0,RUE DU GRENIER SAINT LAZARE,16.0,75003.0,1,10155.386666666667
2024-1204391,2024-09-06,820000.0,70.0,3.0,RUE DES ARCHIVES,80.0,75003.0,1,11714.285714285714
2024-1204758,2024-09-09,1220000.0,80.0,4.0,RUE DE BRETAGNE,65.0,75003.0,2,15250.0
2024-1204976,2024-09-09,290000.0,23.0,1.0,RUE SAINTE APOLLINE,9.0,75003.0,1,12608.695652173914
2024-1205224,2024-09-09,305000.0,28.0,1.0,RUE DE SAINTONGE,52.0,75003.0,1,10892.857142857143
2024-1205504,2024-09-10,200000.0,26.0,1.0,RUE SAINT MARTIN,147.0,75003.0,1,7692.307692307692
2024-1204893,2024-09-10,128788.0,9.0,1.0,RUE DES GRAVILLIERS,39.0,75003.0,1,14309.777777777777
2024-1204779,2024-09-11,327300.0,30.0,2.0,RUE NOTRE-DAME DE NAZARETH,58.0,75003.0,1,10910.0
2024-1204508,2024-09-11,280000.0,22.0,1.0,RUE COMMINES,13.0,75003.0,1,12727.272727272728
2024-1205487,2024-09-11,200000.0,23.0,1.0,RUE DES FONTAINES DU TEMPLE,23.0,75003.0,1,8695.652173913044
2024-1205096,2024-09-11,238000.0,20.0,1.0,RUE DU GRENIER SAINT LAZARE,20.0,75003.0,1,11900.0
2024-1205106,2024-09-12,80000.0,9.0,1.0,RUE DUPETIT-THOUARS,16.0,75003.0,1,8888.888888888889
2024-1205198,2024-09-16,315000.0,28.0,1.0,RUE DE BRAQUE,9.0,75003.0,1,11250.0
2024-1205852,2024-09-17,320000.0,32.0,2.0,RUE CHAPON,38.0,75003.0,1,10000.0
2024-1205612,2024-09-18,257000.0,29.0,2.0,RUE NOTRE-DAME DE NAZARETH,12.0,75003.0,1,8862.068965517241
2024-1205348,2024-09-18,285715.0,26.0,2.0,RUE PASTOURELLE,22.0,75003.0,2,10989.038461538461
2024-1204817,2024-09-18,484890.0,40.0,2.0,RUE DE PICARDIE,22.0,75003.0,1,12122.25
2024-1205380,2024-09-19,140000.0,25.0,1.0,RUE GRENETA,7.0,75003.0,1,5600.0
2024-1206194,2024-09-23,405120.0,34.0,2.0,RUE DES GRAVILLIERS,82.0,75003.0,1,11915.29411764706
2024-1205375,2024-09-24,334200.0,22.0,1.0,RUE DU FOIN,6.0,75003.0,1,15190.90909090909
2024-1205484,2024-09-26,200000.0,14.0,1.0,RUE DES FONTAINES DU TEMPLE,7.0,75003.0,1,14285.714285714286
2024-1205446,2024-09-26,420000.0,55.0,2.0,RUE DE TURENNE,73.0,75003.0,1,7636.363636363636
2024-1206135,2024-09-27,1100000.0,116.0,6.0,RUE DE SAINTONGE,4.0,75003.0,2,9482.758620689656
2024-1206211,2024-09-27,400000.0,46.0,1.0,RUE DU TEMPLE,94.0,75003.0,1,8695.652173913044
2024-1205826,2024-09-30,334906.0,35.0,2.0,RUE VOLTA,37.0,75003.0,1,9568.742857142857
2024-1206396,2024-09-30,350000.0,34.0,1.0,RUE DE LA CORDERIE,18.0,75003.0,1,10294.117647058823
2024-1206040,2024-10-01,165000.0,15.0,1.0,RUE VOLTA,6.0,75003.0,1,11000.0
2024-1206734,2024-10-02,185000.0,22.0,1.0,RUE GRENETA,11.0,75003.0,1,8409.09090909091
2024-1206047,2024-10-03,450000.0,44.0,2.0,RUE VOLTA,1.0,75003.0,1,10227.272727272728
2024-1206948,2024-10-04,370000.0,36.0,2.0,RUE DEBELLEYME,18.0,75003.0,1,10277.777777777777
2024-1207287,2024-10-04,205000.0,16.0,1.0,RUE DU VERTBOIS,64.0,75003.0,1,12812.5
2024-1206356,2024-10-08,247600.0,27.0,1.0,RUE CHARLES-FRANCOIS DUPUIS,6.0,75003.0,1,9170.37037037037
2024-1206365,2024-10-09,414700.0,26.0,2.0,RUE MADAME DE SEVIGNE,44.0,75003.0,1,15950.0
2024-1206161,2024-10-09,169100.0,18.0,1.0,RUE DE TURENNE,134.0,75003.0,1,9394.444444444445
2024-1206535,2024-10-10,840000.0,57.0,2.0,RUE DES GRAVILLIERS,12.0,75003.0,1,14736.842105263158
2024-1206656,2024-10-10,158620.0,15.0,1.0,RUE DES FONTAINES DU TEMPLE,23.0,75003.0,1,10574.666666666666
2024-1206536,2024-10-11,380000.0,32.0,1.0,RUE VOLTA,39.0,75003.0,1,11875.0
2024-1206590,2024-10-14,563000.0,45.0,2.0,RUE VOLTA,39.0,75003.0,1,12511.111111111111
2024-1206640,2024-10-14,375000.0,28.0,1.0,RUE SAINT CLAUDE,10.0,75003.0,1,13392.857142857143
2024-1206672,2024-10-14,209330.0,15.0,2.0,RUE DES ARCHIVES,80.0,75003.0,1,13955.333333333334
2024-1206583,2024-10-15,446300.0,41.0,2.0,RUE VOLTA,1.0,75003.0,1,10885.365853658537
2024-1207474,2024-10-16,725000.0,51.0,3.0,RUE DU ROI DORE,6.0,75003.0,2,14215.686274509804
2024-1207243,2024-10-16,708000.0,60.0,5.0,RUE DU TEMPLE,134.0,75003.0,1,11800.0
2024-1207364,2024-10-16,280000.0,25.0,2.0,RUE DE MONTMORENCY,44.0,75003.0,1,11200.0
2024-1207597,2024-10-17,1386550.0,136.0,5.0,RUE MESLAY,13.0,75003.0,1,10195.220588235294
2024-1206940,2024-10-18,255000.0,19.0,1.0,RUE DE PICARDIE,16.0,75003.0,1,13421.052631578947
2024-1207460,2024-10-21,305000.0,28.0,1.0,RUE DU VERTBOIS,4.0,75003.0,1,10892.857142857143
2024-1207674,2024-10-21,252000.0,30.0,2.0,RUE CHAPON,56.0,75003.0,1,8400.0
2024-1207081,2024-10-22,210000.0,23.0,1.0,RUE PASTOURELLE,16.0,75003.0,1,9130.434782608696
2024-1206986,2024-10-22,232950.0,20.0,1.0,RUE DE MONTMORENCY,38.0,75003.0,1,11647.5
2024-1207075,2024-10-24,1340000.0,140.0,5.0,RUE SAINT MARTIN,359.0,75003.0,1,9571.42857142857
2024-1207796,2024-10-28,527750.0,40.0,2.0,RUE DES FONTAINES DU TEMPLE,13.0,75003.0,1,13193.75
2024-1207667,2024-10-28,429100.0,34.0,2.0,RUE AUX OURS,1.0,75003.0,1,12620.588235294117
2024-1207226,2024-10-29,300000.0,29.0,2.0,RUE MESLAY,19.0,75003.0,1,10344.827586206897
2024-1207480,2024-10-29,120000.0,22.0,1.0,RUE SAINT MARTIN,163.0,75003.0,1,5454.545454545455
2024-1208191,2024-10-30,746100.0,51.0,2.0,RUE PASTOURELLE,35.0,75003.0,1,14629.411764705883
2024-1207254,2024-10-30,800000.0,64.0,2.0,RUE MICHEL LE COMTE,23.0,75003.0,1,12500.0
2024-1207247,2024-10-30,384000.0,43.0,2.0,RUE DU TEMPLE,138.0,75003.0,1,8930.232558139534
2024-1208144,2024-10-31,505000.0,42.0,1.0,RUE DE TURENNE,53.0,75003.0,1,12023.809523809523
2024-1207958,2024-11-04,235850.0,21.0,3.0,RUE DE BRETAGNE,69.0,75003.0,3,11230.952380952382
2024-1208531,2024-11-07,275000.0,55.0,2.0,RUE DE SAINTONGE,43.0,75003.0,1,5000.0
2024-1208166,2024-11-07,443000.0,24.0,1.0,RUE VOLTA,37.0,75003.0,1,18458.333333333332
2024-1207703,2024-11-07,467000.0,25.0,1.0,RUE DES TOURNELLES,31.0,75003.0,1,18680.0
2024-1208092,2024-11-07,370000.0,29.0,2.0,RUE DE TURENNE,117.0,75003.0,1,12758.620689655172
2024-1208498,2024-11-08,125000.0,12.0,1.0,RUE NOTRE-DAME DE NAZARETH,34.0,75003.0,1,10416.666666666666
2024-1207984,2024-11-15,395000.0,40.0,3.0,RUE PASTOURELLE,46.0,75003.0,1,9875.0
2024-1208488,2024-11-15,150000.0,17.0,1.0,RUE AU MAIRE,27.0,75003.0,1,8823.529411764706
2024-1208407,2024-11-15,1275000.0,80.0,3.0,RUE VIEILLE DU TEMPLE,121.0,75003.0,1,15937.5
2024-1208567,2024-11-15,779000.0,60.0,3.0,RUE DES ARCHIVES,86.0,75003.0,1,12983.333333333334
2024-1208164,2024-11-19,80000.0,9.0,1.0,RUE DE TURENNE,111.0,75003.0,1,8888.888888888889
2024-1208471,2024-11-20,1118700.0,88.0,4.0,RUE NOTRE-DAME DE NAZARETH,9.0,75003.0,2,12712.5
2024-1208468,2024-11-20,220000.0,18.0,1.0,RUE SAINT GILLES,11.0,75003.0,1,12222.222222222223
2024-1208175,2024-11-21,147000.0,16.0,1.0,RUE DE TURENNE,45.0,75003.0,1,9187.5
2024-1209696,2024-11-27,338490.0,35.0,2.0,RUE NOTRE-DAME DE NAZARETH,43.0,75003.0,1,9671.142857142857
2024-1208926,2024-11-27,4900000.0,180.0,3.0,RUE VIEILLE DU TEMPLE,121.0,75003.0,1,27222.222222222223
2024-1208475,2024-11-28,318280.0,24.0,1.0,RUE DU TEMPLE,167.0,75003.0,1,13261.666666666666
2024-1208370,2024-11-29,677831.0,56.0,2.0,RUE SAINT MARTIN,339.0,75003.0,1,12104.125
2024-1208563,2024-11-29,365385.0,24.0,2.0,RUE DE SAINTONGE,45.0,75003.0,1,15224.375
2024-1208875,2024-12-02,150000.0,16.0,1.0,RUE CHARLOT,33.0,75003.0,1,9375.0
2024-1208505,2024-12-03,298900.0,18.0,2.0,RUE VIEILLE DU TEMPLE,105.0,75003.0,1,16605.555555555555
2024-1208928,2024-12-03,322800.0,28.0,1.0,RUE DE TURENNE,134.0,75003.0,1,11528.57142857143
2024-1208818,2024-12-05,58000.0,8.0,1.0,RUE CHARLOT,69.0,75003.0,1,7250.0
2024-1208830,2024-12-05,462477.0,38.0,2.0,RUE DEBELLEYME,29.0,75003.0,1,12170.447368421053
2024-1209671,2024-12-05,267800.0,26.0,1.0,RUE SAINT GILLES,15.0,75003.0,1,10300.0
2024-1209108,2024-12-06,421156.0,36.0,2.0,RUE DE MONTMORENCY,38.0,75003.0,1,11698.777777777777
2024-1208832,2024-12-06,490000.0,36.0,1.0,RUE AU MAIRE,5.0,75003.0,1,13611.111111111111
2024-1208889,2024-12-06,178720.0,27.0,2.0,RUE NOTRE-DAME DE NAZARETH,47.0,75003.0,1,6619.259259259259
2024-1208824,2024-12-06,289780.0,29.0,1.0,RUE DES ARQUEBUSIERS,8.0,75003.0,1,9992.413793103447
2024-1208895,2024-12-06,760000.0,55.0,2.0,RUE DES ARCHIVES,82.0,75003.0,1,13818.181818181818
2024-1209541,2024-12-06,591960.0,68.0,2.0,RUE BERANGER,19.0,75003.0,1,8705.29411764706
2024-1209348,2024-12-09,280000.0,32.0,2.0,RUE DES GRAVILLIERS,10.0,75003.0,1,8750.0
2024-1209787,2024-12-12,105000.0,20.0,1.0,RUE DE TURENNE,124.0,75003.0,1,5250.0
2024-1209326,2024-12-16,106525.0,12.0,1.0,RUE CHARLOT,69.0,75003.0,1,8877.083333333334
2024-1210028,2024-12-17,100000.0,18.0,2.0,RUE DU VERTBOIS,11.0,75003.0,1,5555.555555555556
2024-1210193,2024-12-17,514570.0,50.0,1.0,RUE SAINT MARTIN,163.0,75003.0,1,10291.4
2024-1209934,2024-12-18,435000.0,42.0,2.0,RUE QUINCAMPOIX,101.0,75003.0,1,10357.142857142857
2024-1209604,2024-12-18,230000.0,27.0,2.0,RUE AUX OURS,23.0,75003.0,1,8518.518518518518
2024-1210211,2024-12-19,261800.0,24.0,1.0,RUE BERANGER,19.0,75003.0,1,10908.333333333334
2024-1209870,2024-12-19,283810.0,34.0,1.0,RUE SAINT MARTIN,341.0,75003.0,1,8347.35294117647
2024-1210146,2024-12-19,507000.0,40.0,2.0,RUE DE MONTMORENCY,36.0,75003.0,1,12675.0
2024-1209830,2024-12-20,481360.0,41.0,2.0,BD SAINT MARTIN,19.0,75003.0,1,11740.487804878048
2024-1210305,2024-12-20,480000.0,38.0,2.0,RUE CHARLOT,18.0,75003.0,1,12631.578947368422
2024-1209868,2024-12-23,137090.0,11.0,1.0,RUE CAFFARELLI,12.0,75003.0,1,12462.727272727272
2024-1210406,2024-12-23,320000.0,34.0,2.0,RUE PASTOURELLE,42.0,75003.0,1,9411.764705882353
2024-1209761,2024-12-24,135000.0,9.0,1.0,RUE NOTRE-DAME DE NAZARETH,50.0,75003.0,1,15000.0
2024-1210436,2024-12-27,255000.0,23.0,2.0,RUE CHARLOT,31.0,75003.0,1,11086.95652173913
2024-1210080,2024-12-27,175000.0,14.0,1.0,RUE CHAPON,16.0,75003.0,1,12500.0
2024-1209805,2024-12-30,977500.0,56.0,2.0,RUE ELZEVIR,4.0,75003.0,1,17455.35714285714
2024-1210207,2024-12-30,415000.0,43.0,2.0,RUE DES VERTUS,16.0,75003.0,1,9651.162790697674
2024-1210369,2024-12-30,195400.0,15.0,1.0,RUE BARBETTE,9.0,75003.0,1,13026.666666666666
2025-1273466,2025-01-03,153390.0,13.0,1.0,RUE REAUMUR,6.0,75003.0,1,11799.23076923077
2025-1273589,2025-01-03,560000.0,41.0,1.0,RUE BEAUBOURG,78.0,75003.0,1,13658.536585365853
2025-1273710,2025-01-06,350000.0,40.0,1.0,RUE DU PERCHE,3.0,75003.0,1,8750.0
2025-1273611,2025-01-06,535000.0,50.0,2.0,RUE BERANGER,19.0,75003.0,1,10700.0
2025-1273266,2025-01-07,760000.0,70.0,3.0,RUE DE BEAUCE,18.0,75003.0,1,10857.142857142857
2025-1273289,2025-01-08,400000.0,32.0,1.0,RUE DES ARCHIVES,75.0,75003.0,1,12500.0
2025-1273505,2025-01-08,871140.0,112.0,3.0,RUE DES FONTAINES DU TEMPLE,5.0,75003.0,1,7778.035714285715
2025-1273658,2025-01-08,313000.0,26.0,2.0,RUE CHARLES-FRANCOIS DUPUIS,5.0,75003.0,1,12038.461538461539
2025-1273676,2025-01-10,185000.0,19.0,1.0,BD SAINT MARTIN,53.0,75003.0,1,9736.842105263158
2025-1273980,2025-01-10,208000.0,16.0,1.0,RUE DE TURENNE,104.0,75003.0,1,13000.0
2025-1274207,2025-01-13,298000.0,26.0,1.0,RUE DE MONTMORENCY,31.0,75003.0,1,11461.538461538461
2025-1273555,2025-01-14,200000.0,18.0,1.0,RUE SAINT MARTIN,183.0,75003.0,1,11111.111111111111
2025-1273767,2025-01-15,45000.0,8.0,1.0,RUE NOTRE-DAME DE NAZARETH,52.0,75003.0,1,5625.0
2025-1274558,2025-01-15,255000.0,19.0,1.0,RUE DES TOURNELLES,31.0,75003.0,1,13421.052631578947
2025-1273668,2025-01-16,228000.0,16.0,1.0,RUE PASTOURELLE,16.0,75003.0,1,14250.0
2025-1273907,2025-01-16,177000.0,17.0,2.0,PAS SAINTE AVOIE,9.0,75003.0,1,10411.764705882353
2025-1273517,2025-01-17,730000.0,56.0,2.0,RUE BARBETTE,18.0,75003.0,1,13035.714285714286
2025-1273634,2025-01-20,382000.0,36.0,2.0,RUE VOLTA,45.0,75003.0,1,10611.111111111111
2025-1274538,2025-01-20,220000.0,24.0,2.0,RUE NOTRE-DAME DE NAZARETH,68.0,75003.0,1,9166.666666666666
2025-1274758,2025-01-20,180000.0,16.0,1.0,RUE CHARLOT,55.0,75003.0,1,11250.0
2025-1273793,2025-01-21,360000.0,40.0,2.0,BD BEAUMARCHAIS,109.0,75003.0,1,9000.0
2025-1273788,2025-01-22,770000.0,79.0,4.0,RUE DES VERTUS,6.0,75003.0,2,9746.835443037975
2025-1273603,2025-01-23,473820.0,55.0,2.0,RUE DE PICARDIE,7.0,75003.0,1,8614.90909090909
2025-1274114,2025-01-23,284870.0,22.0,1.0,RUE CHAPON,62.0,75003.0,1,12948.636363636364
2025-1274678,2025-01-24,1010000.0,113.0,4.0,BD BEAUMARCHAIS,55.0,75003.0,1,8938.053097345133
2025-1273994,2025-01-27,525200.0,40.0,2.0,RUE SAINT MARTIN,183.0,75003.0,1,13130.0
2025-1273819,2025-01-28,484880.0,39.0,2.0,RUE SAINTE ELISABETH,4.0,75003.0,1,12432.820512820514
2025-1274757,2025-01-29,315000.0,26.0,1.0,RUE SAINT GILLES,11.0,75003.0,1,12115.384615384615
2025-1275012,2025-01-30,204000.0,17.0,1.0,RUE CHAPON,42.0,75003.0,1,12000.0
2025-1274571,2025-01-30,187000.0,17.0,1.0,RUE REAUMUR,22.0,75003.0,1,11000.0
2025-1274168,2025-01-30,188314.2,12.0,1.0,RUE DU GRENIER SAINT LAZARE,6.0,75003.0,1,15692.85
2025-1274401,2025-01-30,206000.0,15.0,1.0,RUE CHARLOT,43.0,75003.0,1,13733.333333333334
2025-1274216,2025-01-31,823654.0,90.0,3.0,RUE DE TURBIGO,54.0,75003.0,1,9151.711111111112
2025-1274470,2025-01-31,1182200.0,111.0,4.0,RUE NOTRE-DAME DE NAZARETH,21.0,75003.0,1,10650.450450450451
2025-1274482,2025-01-31,174000.0,13.0,1.0,RUE CHARLOT,61.0,75003.0,1,13384.615384615385
2025-1274209,2025-01-31,227000.0,14.0,1.0,RUE VIEILLE DU TEMPLE,97.0,75003.0,1,16214.285714285714
2025-1274174,2025-02-03,485000.0,38.0,2.0,RUE SAINT CLAUDE,7.0,75003.0,1,12763.157894736842
2025-1274363,2025-02-04,380109.0,42.0,1.0,RUE AU MAIRE,23.0,75003.0,1,9050.214285714286
2025-1275159,2025-02-04,955550.0,60.0,4.0,RUE DE POITOU,46.0,75003.0,1,15925.833333333334
2025-1274642,2025-02-05,571000.0,50.0,3.0,RUE RAMBUTEAU,16.0,75003.0,1,11420.0
2025-1274469,2025-02-05,184000.0,9.0,1.0,RUE DES GRAVILLIERS,30.0,75003.0,1,20444.444444444445
2025-1275521,2025-02-05,360000.0,36.0,2.0,RUE DE POITOU,6.0,75003.0,1,10000.0
2025-1274437,2025-02-05,257150.0,26.0,2.0,RUE SAINT MARTIN,314.0,75003.0,1,9890.384615384615
2025-1274311,2025-02-06,225000.0,15.0,1.0,RUE SAINT MARTIN,203.0,75003.0,1,15000.0
2025-1275191,2025-02-07,305000.0,25.0,1.0,RUE PASTOURELLE,16.0,75003.0,1,12200.0
2025-1274775,2025-02-07,448000.0,43.0,2.0,RUE DE TURENNE,75.0,75003.0,1,10418.60465116279
2025-1274604,2025-02-07,1122100.0,77.0,2.0,RUE VIEILLE DU TEMPLE,75.0,75003.0,1,14572.727272727272
2025-1274504,2025-02-10,483500.0,39.0,2.0,RUE DE BRETAGNE,49.0,75003.0,1,12397.435897435897
2025-1274990,2025-02-10,831500.0,66.0,3.0,RUE DU TEMPLE,103.0,75003.0,1,12598.484848484848
2025-1275930,2025-02-11,405000.0,39.0,2.0,RUE DES ARQUEBUSIERS,10.0,75003.0,1,10384.615384615385
2025-1274811,2025-02-11,135000.0,14.0,1.0,RUE AU MAIRE,27.0,75003.0,1,9642.857142857143
2025-1274754,2025-02-12,220000.0,20.0,1.0,RUE DU TEMPLE,154.0,75003.0,1,11000.0
2025-1274494,2025-02-12,258000.0,25.0,1.0,RUE DES VERTUS,25.0,75003.0,1,10320.0
2025-1274503,2025-02-12,672500.0,49.0,2.0,RUE VIEILLE DU TEMPLE,133.0,75003.0,1,13724.489795918367
2025-1275293,2025-02-13,277000.0,20.0,2.0,RUE DU VERTBOIS,4.0,75003.0,1,13850.0
2025-1274747,2025-02-14,1140000.0,120.0,4.0,RUE DU VERTBOIS,9.0,75003.0,1,9500.0
2025-1274688,2025-02-17,633000.0,53.0,2.0,RUE DE TURENNE,45.0,75003.0,1,11943.396226415094
2025-1276157,2025-02-18,260000.0,20.0,2.0,RUE CHAPON,9.0,75003.0,1,13000.0
2025-1276172,2025-02-20,195000.0,15.0,1.0,RUE CHARLOT,20.0,75003.0,1,13000.0
2025-1275320,2025-02-20,546650.0,46.0,2.0,RUE CAFFARELLI,14.0,75003.0,1,11883.695652173914
2025-1276237,2025-02-21,90000.0,10.0,1.0,BD DE SEBASTOPOL,94.0,75003.0,1,9000.0
2025-1276003,2025-02-21,312010.0,28.0,1.0,RUE VOLTA,9.0,75003.0,1,11143.214285714286
2025-1275791,2025-02-26,953400.0,64.0,3.0,RUE DE TURBIGO,70.0,75003.0,1,14896.875
2025-1275948,2025-02-27,222000.0,30.0,1.0,BD DU TEMPLE,15.0,75003.0,1,7400.0
2025-1275762,2025-02-27,676003.6,110.0,4.0,RUE DE BRETAGNE,69.0,75003.0,1,6145.487272727272
2025-1275565,2025-02-27,235400.0,25.0,2.0,RUE NOTRE-DAME DE NAZARETH,46.0,75003.0,1,9416.0
2025-1276245,2025-02-27,373000.0,25.0,1.0,RUE DE SAINTONGE,13.0,75003.0,1,14920.0
2025-1276175,2025-02-28,200750.0,19.0,1.0,RUE DES FILLES DU CALVAIRE,21.0,75003.0,1,10565.78947368421
2025-1275587,2025-03-03,158000.0,15.0,1.0,RUE DES GRAVILLIERS,54.0,75003.0,1,10533.333333333334
2025-1275701,2025-03-04,1173600.0,91.0,3.0,RUE NOTRE-DAME DE NAZARETH,30.0,75003.0,1,12896.703296703297
2025-1277092,2025-03-06,210000.0,18.0,1.0,RUE DES GRAVILLIERS,44.0,75003.0,1,11666.666666666666
2025-1276549,2025-03-07,443000.0,37.0,2.0,RUE CHARLES-FRANCOIS DUPUIS,6.0,75003.0,2,11972.972972972973
2025-1276877,2025-03-10,2106400.0,170.0,3.0,RUE BERANGER,7.0,75003.0,1,12390.588235294117
2025-1276605,2025-03-11,2800000.0,130.0,3.0,RUE VIEILLE DU TEMPLE,110.0,75003.0,1,21538.46153846154
2025-1276878,2025-03-12,857000.0,76.0,3.0,RUE DE POITOU,15.0,75003.0,1,11276.315789473685
2025-1276230,2025-03-12,333390.0,31.0,2.0,RUE DES FONTAINES DU TEMPLE,6.0,75003.0,1,10754.516129032258
2025-1276989,2025-03-13,343000.0,24.0,2.0,RUE DE PICARDIE,22.0,75003.0,1,14291.666666666666
2025-1276271,2025-03-14,965000.0,76.0,2.0,RUE VIEILLE DU TEMPLE,110.0,75003.0,1,12697.368421052632
2025-1277336,2025-03-14,600000.0,99.0,4.0,RUE REAUMUR,36.0,75003.0,2,6060.606060606061
2025-1276454,2025-03-17,544750.0,40.0,2.0,RUE DU TEMPLE,185.0,75003.0,1,13618.75
2025-1276414,2025-03-18,221850.0,25.0,2.0,RUE BEAUBOURG,91.0,75003.0,1,8874.0
2025-1276439,2025-03-18,315000.0,30.0,1.0,RUE DES TOURNELLES,48.0,75003.0,1,10500.0
2025-1276401,2025-03-18,388000.0,53.0,2.0,RUE BEAUBOURG,78.0,75003.0,2,7320.754716981132
2025-1276375,2025-03-18,360270.0,24.0,0.0,RUE SAINT MARTIN,204.0,75003.0,1,15011.25
2025-1276829,2025-03-18,230000.0,18.0,1.0,RUE DE MONTMORENCY,6.0,75003.0,1,12777.777777777777
2025-1276868,2025-03-18,320000.0,30.0,2.0,RUE BERANGER,24.0,75003.0,1,10666.666666666666
2025-1276403,2025-03-18,614000.0,101.0,3.0,RUE BEAUBOURG,78.0,75003.0,3,6079.207920792079
2025-1276688,2025-03-19,40000.0,7.0,1.0,RUE COMMINES,12.0,75003.0,1,5714.285714285715
2025-1277578,2025-03-20,146000.0,18.0,1.0,RUE DU TEMPLE,81.0,75003.0,1,8111.111111111111
2025-1277167,2025-03-20,307000.0,33.0,2.0,RUE AU MAIRE,47.0,75003.0,1,9303.030303030304
2025-1276668,2025-03-20,950000.0,88.0,4.0,BD DU TEMPLE,25.0,75003.0,1,10795.454545454546
2025-1276980,2025-03-20,600000.0,48.0,2.0,RUE CHARLOT,49.0,75003.0,1,12500.0
2025-1278238,2025-03-21,542200.0,38.0,2.0,RUE NOTRE-DAME DE NAZARETH,76.0,75003.0,1,14268.421052631578
2025-1277458,2025-03-24,272170.0,17.0,1.0,RUE RAMBUTEAU,30.0,75003.0,1,16010.0
2025-1279006,2025-03-25,1247754.0,65.0,2.0,RUE DES FRANCS BOURGEOIS,10.0,75003.0,1,19196.215384615385
2025-1277127,2025-03-25,530000.0,27.0,1.0,RUE DU VERTBOIS,30.0,75003.0,1,19629.62962962963
2025-1277302,2025-03-25,390000.0,33.0,2.0,RUE SAINT MARTIN,197.0,75003.0,1,11818.181818181818
2025-1276919,2025-03-26,260000.0,28.0,1.0,RUE DE MONTMORENCY,19.0,75003.0,1,9285.714285714286
2025-1278245,2025-03-26,182525.0,16.0,1.0,RUE CHARLOT,59.0,75003.0,1,11407.8125
2025-1277546,2025-03-27,430000.0,38.0,2.0,RUE DU VERTBOIS,10.0,75003.0,1,11315.78947368421
2025-1277602,2025-03-27,850000.0,74.0,3.0,RUE BEAUBOURG,56.0,75003.0,1,11486.486486486487
2025-1277176,2025-03-27,1333000.0,94.0,3.0,RUE DE TURENNE,60.0,75003.0,1,14180.851063829787
2025-1277825,2025-03-28,795000.0,90.0,3.0,RUE DE SAINTONGE,4.0,75003.0,1,8833.333333333334
2025-1278341,2025-03-28,509314.06,31.0,2.0,RUE DU TEMPLE,151.0,75003.0,1,16429.485806451612
2025-1277378,2025-03-28,160000.0,16.0,1.0,RUE DU TEMPLE,167.0,75003.0,1,10000.0
2025-1278153,2025-03-28,435000.0,40.0,2.0,RUE CHAPON,6.0,75003.0,1,10875.0
2025-1278629,2025-03-31,171000.0,16.0,1.0,RUE NOTRE-DAME DE NAZARETH,62.0,75003.0,1,10687.5
2025-1278714,2025-03-31,930000.0,85.0,4.0,RUE SAINT MARTIN,197.0,75003.0,2,10941.176470588236
2025-1278872,2025-03-31,266000.0,21.0,1.0,RUE DU PONT AUX CHOUX,16.0,75003.0,1,12666.666666666666
2025-1277474,2025-03-31,1575000.0,117.0,4.0,RUE DES FILLES DU CALVAIRE,21.0,75003.0,1,13461.538461538461
2025-1277955,2025-03-31,300000.0,27.0,1.0,RUE DU FOIN,3.0,75003.0,1,11111.111111111111
2025-1277948,2025-03-31,928000.0,77.0,4.0,RUE DU TEMPLE,102.0,75003.0,1,12051.948051948051
2025-1277844,2025-03-31,650000.0,56.0,2.0,RUE DE TURENNE,106.0,75003.0,1,11607.142857142857
2025-1277819,2025-03-31,567000.0,50.0,2.0,RUE CHARLOT,77.0,75003.0,1,11340.0
2025-1278137,2025-03-31,340000.0,30.0,1.0,RUE DE BEARN,15.0,75003.0,1,11333.333333333334
2025-1278517,2025-03-31,265000.0,25.0,1.0,RUE CHAPON,28.0,75003.0,1,10600.0
2025-1278028,2025-04-03,260000.0,17.0,1.0,RUE AUX OURS,1.0,75003.0,1,15294.117647058823
2025-1278557,2025-04-04,1085000.0,118.0,5.0,RUE SAINTE APOLLINE,9.0,75003.0,1,9194.915254237289
2025-1278030,2025-04-08,120000.0,24.0,1.0,RUE CHARLES-FRANCOIS DUPUIS,5.0,75003.0,1,5000.0
2025-1278475,2025-04-08,250750.0,20.0,1.0,RUE CHARLOT,26.0,75003.0,1,12537.5
2025-1277731,2025-04-09,506000.0,51.0,2.0,RUE DES VERTUS,16.0,75003.0,1,9921.56862745098
2025-1278379,2025-04-09,770200.0,49.0,3.0,RUE DE PICARDIE,9.0,75003.0,1,15718.367346938776
2025-1279179,2025-04-10,178030.0,14.0,1.0,RUE CHARLOT,69.0,75003.0,1,12716.42857142857
2025-1278175,2025-04-14,503000.0,60.0,3.0,RUE NOTRE-DAME DE NAZARETH,49.0,75003.0,1,8383.333333333334
2025-1278443,2025-04-15,520000.0,25.0,1.0,RUE DE SAINTONGE,13.0,75003.0,1,20800.0
2025-1278788,2025-04-15,320000.0,29.0,2.0,RUE DU VERTBOIS,7.0,75003.0,1,11034.48275862069
2025-1278759,2025-04-16,300000.0,29.0,2.0,RUE DE TURENNE,112.0,75003.0,1,10344.827586206897
2025-1278469,2025-04-16,235000.0,21.0,1.0,RUE DU TEMPLE,149.0,75003.0,1,11190.47619047619
2025-1278890,2025-04-23,460000.0,24.0,1.0,RUE DES QUATRE FILS,22.0,75003.0,1,19166.666666666668
2025-1278927,2025-04-23,310000.0,22.0,1.0,RUE DE TURENNE,92.0,75003.0,1,14090.90909090909
2025-1279178,2025-04-25,410000.0,36.0,2.0,RUE DU TEMPLE,72.0,75003.0,1,11388.888888888889
2025-1279473,2025-04-28,351780.0,31.0,1.0,RUE AU MAIRE,18.0,75003.0,1,11347.741935483871
2025-1279391,2025-04-28,1050000.0,50.0,3.0,RUE DE BEAUCE,6.0,75003.0,1,21000.0
2025-1278910,2025-04-29,370200.0,34.0,1.0,RUE DE TURENNE,85.0,75003.0,1,10888.235294117647
2025-1279913,2025-04-29,446000.0,38.0,2.0,RUE DU TEMPLE,147.0,75003.0,1,11736.842105263158
2025-1279246,2025-04-29,606750.0,65.0,3.0,RUE NOTRE-DAME DE NAZARETH,45.0,75003.0,1,9334.615384615385
2025-1279326,2025-04-29,226250.0,17.0,1.0,RUE PASTOURELLE,44.0,75003.0,1,13308.823529411764
2025-1279982,2025-04-30,850000.0,72.0,5.0,RUE VIEILLE DU TEMPLE,104.0,75003.0,1,11805.555555555555
2025-1279922,2025-04-30,360150.0,39.0,2.0,RUE BERANGER,19.0,75003.0,1,9234.615384615385
2025-1279434,2025-04-30,87500.0,11.0,1.0,RUE SAINT GILLES,1.0,75003.0,1,7954.545454545455
2025-1279316,2025-05-05,210000.0,14.0,1.0,RUE GRENETA,9.0,75003.0,1,15000.0
2025-1280071,2025-05-13,240200.0,23.0,1.0,RUE DE TURENNE,132.0,75003.0,1,10443.478260869566
2025-1280400,2025-05-13,185000.0,15.0,1.0,CITE NOEL,2.0,75003.0,1,12333.333333333334
2025-1279395,2025-05-13,375000.0,26.0,1.0,RUE DES ARCHIVES,92.0,75003.0,1,14423.076923076924
2025-1279706,2025-05-14,91000.0,9.0,1.0,RUE SAINT CLAUDE,7.0,75003.0,1,10111.111111111111
2025-1280345,2025-05-15,365000.0,30.0,2.0,RUE DES VERTUS,22.0,75003.0,1,12166.666666666666
2025-1280200,2025-05-16,325000.0,50.0,3.0,RUE DE TURENNE,62.0,75003.0,1,6500.0
2025-1280019,2025-05-19,1044403.0,76.0,4.0,RUE MONTGOLFIER,8.0,75003.0,2,13742.144736842105
2025-1280016,2025-05-20,350500.0,35.0,1.0,RUE VIEILLE DU TEMPLE,83.0,75003.0,1,10014.285714285714
2025-1280324,2025-05-20,159000.0,18.0,1.0,RUE DES COUTURES SAINT GERVAIS,10.0,75003.0,1,8833.333333333334
2025-1281051,2025-05-21,165000.0,15.0,1.0,RUE DU TEMPLE,178.0,75003.0,1,11000.0
2025-1285951,2025-05-21,231660.0,17.0,1.0,RUE CHARLOT,31.0,75003.0,1,13627.058823529413
2025-1279946,2025-05-21,245000.0,27.0,1.0,RUE COMMINES,12.0,75003.0,1,9074.074074074075
2025-1280046,2025-05-21,907550.0,60.0,3.0,RUE DE TURENNE,85.0,75003.0,1,15125.833333333334
2025-1280495,2025-05-22,195000.0,22.0,1.0,RUE AU MAIRE,23.0,75003.0,1,8863.636363636364
2025-1280525,2025-05-22,510250.0,37.0,2.0,RUE DU TEMPLE,104.0,75003.0,1,13790.54054054054
2025-1281238,2025-05-22,500000.0,32.0,1.0,RUE CHARLOT,79.0,75003.0,1,15625.0
2025-1280131,2025-05-27,1155000.0,89.0,3.0,RUE PORTEFOIN,4.0,75003.0,1,12977.52808988764
2025-1280664,2025-05-27,345000.0,18.0,1.0,RUE DES GRAVILLIERS,72.0,75003.0,1,19166.666666666668
2025-1280374,2025-05-27,320000.0,34.0,2.0,RUE MESLAY,32.0,75003.0,1,9411.764705882353
2025-1280994,2025-05-27,763500.0,59.0,3.0,RUE RAMBUTEAU,26.0,75003.0,1,12940.677966101695
2025-1281217,2025-05-27,308000.0,30.0,2.0,RUE BEAUBOURG,89.0,75003.0,1,10266.666666666666
2025-1281275,2025-06-02,1264000.0,90.0,3.0,RUE DES MINIMES,18.0,75003.0,1,14044.444444444445
2025-1281042,2025-06-02,895000.0,41.0,2.0,RUE DES GRAVILLIERS,20.0,75003.0,1,21829.268292682926
2025-1281728,2025-06-03,262000.0,26.0,1.0,RUE DES GRAVILLIERS,35.0,75003.0,1,10076.923076923076
2025-1281359,2025-06-04,365000.0,35.0,1.0,RUE DU TEMPLE,154.0,75003.0,1,10428.57142857143
2025-1280757,2025-06-05,224000.0,15.0,1.0,RUE DES ARCHIVES,92.0,75003.0,1,14933.333333333334
2025-1280953,2025-06-06,50000.0,9.0,1.0,RUE PORTEFOIN,14.0,75003.0,1,5555.555555555556
2025-1281924,2025-06-06,1134036.0,84.0,4.0,BD SAINT MARTIN,33.0,75003.0,1,13500.42857142857
2025-1282064,2025-06-10,540000.0,78.0,3.0,RUE DU TEMPLE,81.0,75003.0,1,6923.076923076923
2025-1281515,2025-06-12,633180.0,50.0,2.0,RUE AU MAIRE,30.0,75003.0,1,12663.6
2025-1282136,2025-06-12,392000.0,31.0,1.0,RUE DU TEMPLE,138.0,75003.0,1,12645.161290322581
2025-1281088,2025-06-13,550000.0,55.0,3.0,RUE DES VERTUS,19.0,75003.0,1,10000.0
2025-1281930,2025-06-16,950000.0,75.0,3.0,RUE MADAME DE SEVIGNE,44.0,75003.0,1,12666.666666666666
2025-1281425,2025-06-17,133000.0,24.0,1.0,RUE AU MAIRE,27.0,75003.0,1,5541.666666666667
2025-1281804,2025-06-17,294000.0,20.0,1.0,RUE DE MONTMORENCY,40.0,75003.0,1,14700.0
2025-1281944,2025-06-17,250000.0,24.0,2.0,RUE DE MONTMORENCY,38.0,75003.0,1,10416.666666666666
2025-1282632,2025-06-19,215000.0,22.0,1.0,RUE DES FONTAINES DU TEMPLE,23.0,75003.0,1,9772.727272727272
2025-1282349,2025-06-19,616500.0,104.0,7.0,RUE DU PONT AUX CHOUX,5.0,75003.0,3,5927.884615384615
2025-1281874,2025-06-19,205000.0,17.0,1.0,RUE DE TURENNE,117.0,75003.0,1,12058.823529411764
2025-1282108,2025-06-20,1044500.0,78.0,4.0,RUE DE TURENNE,132.0,75003.0,1,13391.02564102564
2025-1281519,2025-06-23,210000.0,18.0,1.0,RUE DU TEMPLE,81.0,75003.0,1,11666.666666666666
2025-1282053,2025-06-23,1440300.0,125.0,4.0,RUE DE TURENNE,92.0,75003.0,1,11522.4
2025-1281421,2025-06-23,448900.0,40.0,2.0,RUE AU MAIRE,53.0,75003.0,1,11222.5
2025-1283141,2025-06-23,520000.0,41.0,2.0,RUE DES GRAVILLIERS,20.0,75003.0,1,12682.926829268292
2025-1281811,2025-06-24,170000.0,24.0,1.0,RUE CHARLES-FRANCOIS DUPUIS,5.0,75003.0,1,7083.333333333333
2025-1282185,2025-06-25,585000.0,50.0,2.0,RUE CHARLOT,77.0,75003.0,1,11700.0
2025-1282968,2025-06-25,202450.0,20.0,1.0,RUE DU PONT AUX CHOUX,18.0,75003.0,1,10122.5
2025-1283038,2025-06-25,160000.0,15.0,1.0,RUE DES GRAVILLIERS,30.0,75003.0,1,10666.666666666666
2025-1282831,2025-06-26,480000.0,49.0,3.0,RUE VIEILLE DU TEMPLE,60.0,75003.0,1,9795.918367346938
2025-1282686,2025-06-26,1357000.0,83.0,4.0,RUE SAINTE ANASTASE,10.0,75003.0,1,16349.397590361446
2025-1281910,2025-06-26,140000.0,22.0,1.0,RUE DE BRAQUE,13.0,75003.0,1,6363.636363636364
2025-1282244,2025-06-26,460000.0,35.0,2.0,RUE DUPETIT-THOUARS,22.0,75003.0,1,13142.857142857143
2025-1282247,2025-06-27,220000.0,18.0,1.0,RUE DU TEMPLE,149.0,75003.0,1,12222.222222222223
2025-1282826,2025-06-27,385000.0,35.0,2.0,RUE DE SAINTONGE,43.0,75003.0,1,11000.0
2025-1282922,2025-06-27,106000.0,20.0,1.0,BD SAINT MARTIN,55.0,75003.0,1,5300.0
2025-1283554,2025-06-27,1176500.0,59.0,3.0,RUE DE POITOU,23.0,75003.0,1,19940.677966101695
2025-1282867,2025-06-30,576260.0,40.0,1.0,RUE DU PERCHE,3.0,75003.0,1,14406.5
2025-1282271,2025-06-30,439450.0,27.0,3.0,RUE NOTRE-DAME DE NAZARETH,35.0,75003.0,1,16275.925925925925
2025-1283117,2025-06-30,963950.0,83.0,4.0,RUE CHAPON,19.0,75003.0,1,11613.855421686747
2025-1282941,2025-06-30,433000.0,38.0,2.0,RUE DE PICARDIE,7.0,75003.0,1,11394.736842105263
2025-1282234,2025-06-30,340000.0,27.0,2.0,RUE AUX OURS,23.0,75003.0,1,12592.592592592593
2025-1281813,2025-06-30,235250.0,15.0,1.0,RUE DU VERTBOIS,66.0,75003.0,1,15683.333333333334
2025-1281985,2025-06-30,161000.0,14.0,1.0,RUE DES FONTAINES DU TEMPLE,9.0,75003.0,1,11500.0
2025-1281881,2025-06-30,541400.0,35.0,1.0,RUE DU VERTBOIS,7.0,75003.0,1,15468.57142857143
2025-1282981,2025-07-01,500000.0,37.0,2.0,RUE DE BRETAGNE,65.0,75003.0,1,13513.513513513513
2025-1284069,2025-07-01,512000.0,46.0,2.0,RUE SAINT MARTIN,197.0,75003.0,1,11130.434782608696
2025-1282567,2025-07-01,543000.0,50.0,2.0,RUE SAINT MARTIN,197.0,75003.0,1,10860.0
2025-1283242,2025-07-02,495000.0,30.0,1.0,RUE BEAUBOURG,78.0,75003.0,1,16500.0
2025-1282275,2025-07-02,220000.0,20.0,1.0,RUE CHAPON,42.0,75003.0,1,11000.0
2025-1282988,2025-07-02,121700.0,13.0,1.0,RUE CAFFARELLI,12.0,75003.0,1,9361.538461538461
2025-1282355,2025-07-02,250900.0,23.0,1.0,RUE DU GRENIER SAINT LAZARE,14.0,75003.0,1,10908.695652173914
2025-1282372,2025-07-03,176500.0,16.0,1.0,RUE DES GRAVILLIERS,39.0,75003.0,1,11031.25
2025-1283154,2025-07-03,155000.0,17.0,1.0,RUE PASTOURELLE,32.0,75003.0,1,9117.64705882353
2025-1282599,2025-07-04,331000.0,29.0,1.0,RUE DEBELLEYME,12.0,75003.0,1,11413.793103448275
2025-1282507,2025-07-04,212000.0,24.0,1.0,RUE AU MAIRE,15.0,75003.0,1,8833.333333333334
2025-1283115,2025-07-04,335000.0,34.0,1.0,RUE VOLTA,18.0,75003.0,1,9852.941176470587
2025-1283433,2025-07-07,780000.0,65.0,3.0,RUE REAUMUR,15.0,75003.0,1,12000.0
2025-1282864,2025-07-08,1330000.0,95.0,4.0,RUE VOLTA,16.0,75003.0,1,14000.0
2025-1282517,2025-07-09,397000.0,36.0,2.0,RUE DE TURENNE,75.0,75003.0,1,11027.777777777777
2025-1282909,2025-07-10,72000.0,11.0,1.0,RUE DU TEMPLE,170.0,75003.0,1,6545.454545454545
2025-1283227,2025-07-10,762000.0,70.0,3.0,RUE DE MONTMORENCY,44.0,75003.0,1,10885.714285714286
2025-1283162,2025-07-11,810000.0,46.0,1.0,RUE AU MAIRE,51.0,75003.0,1,17608.695652173912
2025-1283468,2025-07-11,258000.0,19.0,1.0,RUE DU TEMPLE,170.0,75003.0,1,13578.947368421053
2025-1283546,2025-07-11,153690.0,22.0,1.0,RUE DE MONTMORENCY,38.0,75003.0,1,6985.909090909091
2025-1283330,2025-07-15,185000.0,28.0,1.0,RUE DU PONT AUX CHOUX,8.0,75003.0,1,6607.142857142857
2025-1282903,2025-07-15,520000.0,45.0,2.0,RUE DE MONTMORENCY,40.0,75003.0,1,11555.555555555555
2025-1283424,2025-07-16,330000.0,35.0,2.0,RUE AUX OURS,21.0,75003.0,1,9428.57142857143
2025-1283517,2025-07-16,196939.0,19.0,2.0,RUE DES GRAVILLIERS,61.0,75003.0,1,10365.21052631579
2025-1284750,2025-07-16,365420.0,33.0,1.0,RUE DE SAINTONGE,12.0,75003.0,1,11073.333333333334
2025-1283296,2025-07-17,230000.0,23.0,1.0,RUE DES COUTURES SAINT GERVAIS,10.0,75003.0,1,10000.0
2025-1284338,2025-07-18,528000.0,59.0,4.0,RUE CHARLOT,18.0,75003.0,1,8949.152542372882
2025-1284664,2025-07-18,250000.0,23.0,1.0,RUE DE PICARDIE,22.0,75003.0,1,10869.565217391304
2025-1283293,2025-07-18,237500.0,25.0,1.0,RUE AU MAIRE,21.0,75003.0,1,9500.0
2025-1283893,2025-07-18,537100.0,35.0,2.0,RUE SAINT CLAUDE,10.0,75003.0,1,15345.714285714286
2025-1284473,2025-07-21,162000.0,18.0,1.0,RUE DU TEMPLE,154.0,75003.0,1,9000.0
2025-1284662,2025-07-21,190000.0,20.0,0.0,RUE MESLAY,33.0,75003.0,1,9500.0
2025-1284709,2025-07-22,280600.0,23.0,1.0,RUE NOTRE-DAME DE NAZARETH,40.0,75003.0,1,12200.0
2025-1284425,2025-07-23,1337100.0,95.0,3.0,RUE DE LA CORDERIE,9.0,75003.0,1,14074.736842105263
2025-1285071,2025-07-24,354201.0,28.0,1.0,RUE AUX OURS,5.0,75003.0,1,12650.035714285714
2025-1284995,2025-07-24,559200.0,46.0,2.0,RUE DU TEMPLE,138.0,75003.0,1,12156.521739130434
2025-1284155,2025-07-24,235000.0,20.0,1.0,PAS DES GRAVILLIERS,6.0,75003.0,1,11750.0
2025-1284563,2025-07-25,100000.0,10.0,1.0,RUE NOTRE-DAME DE NAZARETH,79.0,75003.0,1,10000.0
2025-1284326,2025-07-25,180000.0,17.0,1.0,RUE DES FONTAINES DU TEMPLE,23.0,75003.0,1,10588.235294117647
2025-1283905,2025-07-28,1408800.0,101.0,5.0,RUE DU TEMPLE,176.0,75003.0,1,13948.514851485148
2025-1283898,2025-07-28,1100000.0,65.0,3.0,RUE DES GRAVILLIERS,30.0,75003.0,1,16923.076923076922
2025-1284150,2025-07-29,591500.0,36.0,2.0,RUE CHARLOT,58.0,75003.0,1,16430.555555555555
2025-1285362,2025-07-30,690000.0,50.0,2.0,RUE PORTEFOIN,6.0,75003.0,1,13800.0
2025-1284683,2025-07-31,495500.0,35.0,2.0,RUE DE BRETAGNE,25.0,75003.0,1,14157.142857142857
2025-1285079,2025-07-31,578700.0,39.0,3.0,RUE DE PICARDIE,22.0,75003.0,1,14838.461538461539
2025-1284782,2025-07-31,325000.0,34.0,2.0,RUE SAINT MARTIN,197.0,75003.0,1,9558.823529411764
2025-1284989,2025-07-31,445410.0,35.0,2.0,RUE NOTRE-DAME DE NAZARETH,36.0,75003.0,1,12726.0
2025-1285197,2025-08-01,407500.0,33.0,2.0,RUE DEBELLEYME,33.0,75003.0,1,12348.484848484848
2025-1285063,2025-08-07,300000.0,24.0,2.0,RUE DES VERTUS,5.0,75003.0,1,12500.0
2025-1285027,2025-08-08,120000.0,12.0,1.0,RUE SAINTE ANASTASE,16.0,75003.0,1,10000.0
2025-1285356,2025-08-13,190000.0,15.0,1.0,RUE DUPETIT-THOUARS,18.0,75003.0,1,12666.666666666666
2025-1285556,2025-08-18,377500.0,29.0,0.0,RUE SAINTE ANASTASE,10.0,75003.0,1,13017.241379310344
2025-1286238,2025-08-19,195000.0,16.0,1.0,RUE NOTRE-DAME DE NAZARETH,35.0,75003.0,1,12187.5
2025-1285739,2025-08-21,420000.0,30.0,2.0,RUE DES FILLES DU CALVAIRE,5.0,75003.0,1,14000.0
2025-1285379,2025-08-25,283500.0,22.0,1.0,RUE AU MAIRE,51.0,75003.0,1,12886.363636363636
2025-1285367,2025-08-26,345500.0,22.0,1.0,RUE CHAPON,11.0,75003.0,1,15704.545454545454
2025-1286368,2025-08-26,552000.0,70.0,3.0,RUE DE NORMANDIE,14.0,75003.0,1,7885.714285714285
2025-1285592,2025-08-27,505000.0,45.0,2.0,RUE SAINT MARTIN,197.0,75003.0,1,11222.222222222223
2025-1285938,2025-08-29,714700.0,45.0,2.0,RUE VIEILLE DU TEMPLE,78.0,75003.0,1,15882.222222222223
2025-1285926,2025-08-29,223000.0,18.0,1.0,RUE PASTOURELLE,18.0,75003.0,1,12388.888888888889
2025-1285879,2025-08-29,344300.0,26.0,2.0,RUE DES GRAVILLIERS,65.0,75003.0,1,13242.307692307691
2025-1285470,2025-08-29,217000.0,22.0,1.0,RUE AU MAIRE,51.0,75003.0,1,9863.636363636364
2025-1285753,2025-08-29,874959.0,50.0,3.0,RUE RAMBUTEAU,16.0,75003.0,1,17499.18
2025-1285873,2025-09-01,406000.0,35.0,2.0,RUE NOTRE-DAME DE NAZARETH,36.0,75003.0,1,11600.0
2025-1285658,2025-09-01,580200.0,46.0,2.0,RUE SAINT MARTIN,163.0,75003.0,1,12613.04347826087
2025-1285472,2025-09-01,240000.0,20.0,2.0,RUE DE BRETAGNE,41.0,75003.0,1,12000.0
2025-1286094,2025-09-02,212000.0,18.0,1.0,RUE NOTRE-DAME DE NAZARETH,40.0,75003.0,1,11777.777777777777
2025-1287083,2025-09-03,750000.0,73.0,4.0,RUE DES GRAVILLIERS,75.0,75003.0,1,10273.972602739726
2025-1286026,2025-09-03,100000.0,12.0,1.0,RUE NOTRE-DAME DE NAZARETH,68.0,75003.0,1,8333.333333333334
2025-1286069,2025-09-03,431000.0,35.0,2.0,RUE CHARLOT,30.0,75003.0,1,12314.285714285714
2025-1285954,2025-09-04,200000.0,20.0,1.0,RUE DE PICARDIE,10.0,75003.0,1,10000.0
2025-1286251,2025-09-04,1343300.0,78.0,2.0,RUE VIEILLE DU TEMPLE,75.0,75003.0,1,17221.79487179487
2025-1286359,2025-09-04,850000.0,75.0,4.0,RUE NOTRE-DAME DE NAZARETH,58.0,75003.0,1,11333.333333333334
2025-1286955,2025-09-05,269000.0,16.0,1.0,RUE DES TOURNELLES,31.0,75003.0,1,16812.5
2025-1286684,2025-09-05,289475.0,22.0,1.0,RUE DE TURBIGO,40.0,75003.0,1,13157.954545454546
2025-1285700,2025-09-08,244000.0,24.0,1.0,RUE SAINT MARTIN,169.0,75003.0,1,10166.666666666666
2025-1285811,2025-09-08,170000.0,17.0,1.0,RUE DES FONTAINES DU TEMPLE,6.0,75003.0,1,10000.0
2025-1286564,2025-09-09,435000.0,22.0,1.0,RUE MONTGOLFIER,20.0,75003.0,1,19772.727272727272
2025-1286555,2025-09-09,194000.0,28.0,2.0,RUE PASTOURELLE,18.0,75003.0,1,6928.571428571428
2025-1286415,2025-09-11,228000.0,18.0,1.0,RUE DES MINIMES,1.0,75003.0,1,12666.666666666666
2025-1286816,2025-09-11,218000.0,20.0,1.0,RUE PASTOURELLE,18.0,75003.0,1,10900.0
2025-1287624,2025-09-11,348053.0,25.0,1.0,RUE DES ARCHIVES,75.0,75003.0,1,13922.12
2025-1286588,2025-09-12,575241.0,69.0,3.0,RUE DE TURBIGO,42.0,75003.0,1,8336.826086956522
2025-1286604,2025-09-12,815000.0,97.0,4.0,RUE DE SAINTONGE,54.0,75003.0,3,8402.061855670103
2025-1287404,2025-09-15,170000.0,18.0,1.0,RUE RAMBUTEAU,26.0,75003.0,1,9444.444444444445
2025-1286290,2025-09-15,260371.0,20.0,2.0,RUE DE POITOU,32.0,75003.0,1,13018.55
2025-1287116,2025-09-16,221000.0,25.0,1.0,RUE RAMBUTEAU,20.0,75003.0,1,8840.0
2025-1286464,2025-09-16,104000.0,15.0,1.0,BD DU TEMPLE,25.0,75003.0,1,6933.333333333333
2025-1287242,2025-09-18,338500.0,21.0,1.0,RUE DES FRANCS BOURGEOIS,4.0,75003.0,1,16119.047619047618
2025-1287686,2025-09-18,325000.0,25.0,2.0,RUE DUPETIT-THOUARS,2.0,75003.0,1,13000.0
2025-1286885,2025-09-23,295000.0,30.0,1.0,RUE SAINT MARTIN,175.0,75003.0,1,9833.333333333334
2025-1286598,2025-09-23,236000.0,19.0,1.0,RUE REAUMUR,22.0,75003.0,1,12421.052631578947
2025-1287878,2025-09-23,460000.0,32.0,2.0,RUE DES FILLES DU CALVAIRE,7.0,75003.0,1,14375.0
2025-1287283,2025-09-23,355700.0,31.0,2.0,RUE DU VERTBOIS,7.0,75003.0,1,11474.193548387097
2025-1286923,2025-09-23,896250.0,68.0,3.0,RUE VIEILLE DU TEMPLE,106.0,75003.0,2,13180.14705882353
2025-1286991,2025-09-24,490000.0,32.0,2.0,RUE PASTOURELLE,44.0,75003.0,2,15312.5
2025-1291710,2025-09-25,200000.0,22.0,1.0,BD BEAUMARCHAIS,41.0,75003.0,1,9090.90909090909
2025-1287955,2025-09-25,390000.0,34.0,2.0,RUE DU TEMPLE,159.0,75003.0,1,11470.588235294117
2025-1287132,2025-09-25,165000.0,17.0,1.0,BD SAINT MARTIN,17.0,75003.0,1,9705.882352941177
2025-1287299,2025-09-25,850000.0,81.0,4.0,RUE DE TURENNE,95.0,75003.0,1,10493.827160493827
2025-1287277,2025-09-25,363209.25,30.0,2.0,RUE NOTRE-DAME DE NAZARETH,28.0,75003.0,1,12106.975
2025-1287348,2025-09-26,173150.0,14.0,1.0,RUE DU VERTBOIS,50.0,75003.0,1,12367.857142857143
2025-1288349,2025-09-29,565000.0,37.0,2.0,RUE DES VERTUS,19.0,75003.0,1,15270.27027027027
2025-1287407,2025-09-29,450000.0,34.0,2.0,RUE SAINT MARTIN,197.0,75003.0,1,13235.29411764706
2025-1288588,2025-09-30,1609920.0,133.0,5.0,RUE DES TOURNELLES,47.0,75003.0,1,12104.661654135338
2025-1287106,2025-10-01,304000.0,21.0,1.0,RUE DE PICARDIE,11.0,75003.0,1,14476.190476190477
2025-1287991,2025-10-01,792040.0,70.0,3.0,RUE QUINCAMPOIX,90.0,75003.0,1,11314.857142857143
2025-1287398,2025-10-02,350000.0,32.0,2.0,RUE DES ARCHIVES,90.0,75003.0,1,10937.5
2025-1287940,2025-10-08,1337700.0,86.0,3.0,RUE DES FRANCS BOURGEOIS,48.0,75003.0,1,15554.651162790698
2025-1287922,2025-10-10,497600.0,40.0,2.0,RUE REAUMUR,18.0,75003.0,1,12440.0
2025-1287652,2025-10-10,525000.0,46.0,2.0,RUE SAINT MARTIN,197.0,75003.0,1,11413.04347826087
2025-1288360,2025-10-10,390000.0,29.0,1.0,RUE CHARLOT,24.0,75003.0,1,13448.275862068966
2025-1289024,2025-10-14,181000.0,25.0,1.0,RUE QUINCAMPOIX,67.0,75003.0,1,7240.0
2025-1289337,2025-10-14,459000.0,34.0,2.0,BD BEAUMARCHAIS,113.0,75003.0,1,13500.0
2025-1288189,2025-10-15,230000.0,19.0,1.0,RUE DU VERTBOIS,9.0,75003.0,1,12105.263157894737
2025-1288612,2025-10-15,227000.0,20.0,1.0,RUE PASTOURELLE,18.0,75003.0,1,11350.0
2025-1288093,2025-10-15,266800.0,17.0,1.0,RUE QUINCAMPOIX,79.0,75003.0,1,15694.117647058823
2025-1288609,2025-10-15,850000.0,78.0,3.0,RUE SAINTE APOLLINE,7.0,75003.0,1,10897.435897435897
2025-1289468,2025-10-16,372500.0,38.0,2.0,RUE NOTRE-DAME DE NAZARETH,24.0,75003.0,1,9802.631578947368
2025-1289645,2025-10-20,235000.0,20.0,1.0,RUE DE TURENNE,124.0,75003.0,1,11750.0
2025-1289104,2025-10-21,300000.0,35.0,2.0,RUE RAMBUTEAU,30.0,75003.0,1,8571.42857142857
2025-1289005,2025-10-22,299000.0,19.0,1.0,RUE VOLTA,50.0,75003.0,1,15736.842105263158
2025-1289074,2025-10-22,270000.0,28.0,1.0,RUE DE BEAUCE,14.0,75003.0,1,9642.857142857143
2025-1289372,2025-10-22,259750.0,23.0,2.0,RUE DE PICARDIE,9.0,75003.0,1,11293.478260869566
2025-1288650,2025-10-23,499300.0,37.0,1.0,RUE DU TEMPLE,103.0,75003.0,1,13494.594594594595
2025-1288776,2025-10-24,440000.0,30.0,2.0,RUE BERANGER,24.0,75003.0,1,14666.666666666666
2025-1288395,2025-10-24,153000.0,19.0,1.0,RUE DU TEMPLE,185.0,75003.0,1,8052.631578947368
2025-1289744,2025-10-29,160000.0,13.0,1.0,RUE CHARLOT,61.0,75003.0,1,12307.692307692309
2025-1289928,2025-10-30,370000.0,40.0,2.0,RUE NOTRE-DAME DE NAZARETH,66.0,75003.0,1,9250.0
2025-1289717,2025-10-30,180000.0,24.0,1.0,RUE DE BEAUCE,14.0,75003.0,1,7500.0
2025-1289733,2025-10-30,400000.0,28.0,2.0,RUE DE POITOU,37.0,75003.0,1,14285.714285714286
2025-1289924,2025-10-30,180000.0,18.0,1.0,RUE DU PERCHE,12.0,75003.0,1,10000.0
2025-1289205,2025-10-31,588050.0,49.0,2.0,RUE DE BRAQUE,8.0,75003.0,1,12001.020408163266
2025-1289868,2025-11-03,530000.0,42.0,2.0,RUE PASTOURELLE,18.0,75003.0,2,12619.047619047618
2025-1290204,2025-11-05,289000.0,20.0,1.0,RUE DE LA CORDERIE,4.0,75003.0,1,14450.0
2025-1290465,2025-11-05,136500.0,11.0,2.0,RUE SAINT MARTIN,349.0,75003.0,1,12409.09090909091
2025-1290036,2025-11-07,384000.0,30.0,2.0,RUE DE BRETAGNE,41.0,75003.0,1,12800.0
2025-1289798,2025-11-12,376540.0,47.0,2.0,RUE SAINT MARTIN,151.0,75003.0,1,8011.489361702128
2025-1290090,2025-11-12,286910.0,21.0,1.0,RUE MICHEL LE COMTE,7.0,75003.0,1,13662.380952380952
2025-1291064,2025-11-12,2276000.0,114.0,4.0,RUE DES ARCHIVES,68.0,75003.0,1,19964.912280701756
2025-1290411,2025-11-14,941000.0,59.0,3.0,RUE NOTRE-DAME DE NAZARETH,55.0,75003.0,1,15949.152542372882
2025-1290461,2025-11-17,343100.0,31.0,2.0,RUE NOTRE-DAME DE NAZARETH,36.0,75003.0,1,11067.741935483871
2025-1290270,2025-11-20,320754.72,38.0,2.0,RUE SAINT CLAUDE,7.0,75003.0,1,8440.913684210525
2025-1290620,2025-11-21,620343.0,42.0,2.0,RUE QUINCAMPOIX,76.0,75003.0,1,14770.07142857143
2025-1290296,2025-11-25,550000.0,42.0,1.0,RUE DE BRETAGNE,65.0,75003.0,1,13095.238095238095
2025-1291056,2025-11-26,332055.0,27.0,1.0,RUE DU TEMPLE,167.0,75003.0,1,12298.333333333334
2025-1291045,2025-11-26,480000.0,45.0,1.0,RUE PASTOURELLE,18.0,75003.0,1,10666.666666666666
2025-1290529,2025-11-27,421100.0,36.0,2.0,RUE NOTRE-DAME DE NAZARETH,19.0,75003.0,1,11697.222222222223
2025-1291474,2025-11-28,1420100.0,91.0,4.0,RUE DU TEMPLE,78.0,75003.0,1,15605.494505494506
2025-1291176,2025-11-28,300000.0,40.0,3.0,RUE DES FONTAINES DU TEMPLE,23.0,75003.0,1,7500.0
2025-1291457,2025-11-28,240000.0,17.0,1.0,RUE DES HAUDRIETTES,6.0,75003.0,1,14117.64705882353
2025-1290469,2025-11-28,301000.0,28.0,2.0,RUE CHARLOT,33.0,75003.0,1,10750.0
2025-1290858,2025-12-01,660000.0,52.0,2.0,RUE CHAPON,48.0,75003.0,1,12692.307692307691
2025-1291294,2025-12-01,1142000.0,75.0,3.0,RUE DE TURENNE,85.0,75003.0,1,15226.666666666666
2025-1291084,2025-12-02,745000.0,72.0,3.0,RUE DES GRAVILLIERS,30.0,75003.0,1,10347.222222222223
2025-1290707,2025-12-02,230000.0,27.0,1.0,RUE DES FONTAINES DU TEMPLE,21.0,75003.0,1,8518.518518518518
2025-1291248,2025-12-02,1510000.0,85.0,3.0,RUE DE TURENNE,65.0,75003.0,1,17764.70588235294
2025-1290572,2025-12-03,215000.0,42.0,2.0,RUE DES VERTUS,15.0,75003.0,1,5119.047619047619
2025-1291436,2025-12-04,1187380.0,63.0,2.0,RUE VOLTA,41.0,75003.0,1,18847.301587301587
2025-1291915,2025-12-05,80000.0,15.0,1.0,RUE AU MAIRE,12.0,75003.0,1,5333.333333333333
2025-1291879,2025-12-05,362210.0,31.0,2.0,RUE CHAPON,48.0,75003.0,1,11684.193548387097
2025-1291140,2025-12-08,392000.0,30.0,1.0,RUE CHARLES-FRANCOIS DUPUIS,4.0,75003.0,1,13066.666666666666
2025-1291054,2025-12-08,865000.0,70.0,4.0,RUE BERANGER,13.0,75003.0,1,12357.142857142857
2025-1292322,2025-12-09,155000.0,14.0,1.0,RUE MESLAY,15.0,75003.0,1,11071.42857142857
2025-1291579,2025-12-09,160000.0,14.0,1.0,RUE DES GRAVILLIERS,43.0,75003.0,1,11428.57142857143
2025-1291034,2025-12-10,259265.0,18.0,1.0,RUE CHARLOT,6.0,75003.0,1,14403.611111111111
2025-1291495,2025-12-10,1745600.0,165.0,4.0,RUE DU TEMPLE,72.0,75003.0,1,10579.39393939394
2025-1291663,2025-12-12,213000.0,18.0,2.0,RUE NOTRE-DAME DE NAZARETH,46.0,75003.0,1,11833.333333333334
2025-1291724,2025-12-12,665520.0,63.0,2.0,RUE DES FONTAINES DU TEMPLE,11.0,75003.0,1,10563.809523809523
2025-1291888,2025-12-12,290000.0,20.0,1.0,RUE PASTOURELLE,18.0,75003.0,1,14500.0
2025-1291144,2025-12-12,705000.0,55.0,3.0,RUE CHARLOT,6.0,75003.0,1,12818.181818181818
2025-1291580,2025-12-12,159800.0,22.0,1.0,RUE AU MAIRE,23.0,75003.0,1,7263.636363636364
2025-1292510,2025-12-15,1540217.0,118.0,5.0,RUE SAINTE APOLLINE,9.0,75003.0,1,13052.686440677966
2025-1292612,2025-12-15,453000.0,49.0,2.0,BD SAINT MARTIN,29.0,75003.0,1,9244.897959183674
2025-1291949,2025-12-17,340000.0,28.0,1.0,RUE DE SAINTONGE,3.0,75003.0,1,12142.857142857143
2025-1291529,2025-12-17,410200.0,36.0,1.0,RUE DES ARQUEBUSIERS,4.0,75003.0,1,11394.444444444445
2025-1292995,2025-12-18,175000.0,15.0,1.0,RUE AU MAIRE,23.0,75003.0,1,11666.666666666666
2025-1292038,2025-12-18,97000.0,10.0,1.0,RUE PASTOURELLE,32.0,75003.0,1,9700.0
2025-1291746,2025-12-18,479319.0,38.0,2.0,RUE DU TEMPLE,85.0,75003.0,1,12613.657894736842
2025-1292742,2025-12-19,675000.0,40.0,2.0,RUE MADAME DE SEVIGNE,38.0,75003.0,1,16875.0
2025-1292690,2025-12-29,125000.0,14.0,1.0,RUE VOLTA,45.0,75003.0,1,8928.57142857143
2025-1292797,2025-12-29,323792.0,58.0,3.0,RUE QUINCAMPOIX,75.0,75003.0,1,5582.620689655172
2025-1292922,2025-12-29,560550.0,43.0,2.0,RUE DES VERTUS,16.0,75003.0,1,13036.046511627907
2025-1292248,2025-12-30,410000.0,51.0,2.0,RUE CHARLOT,54.0,75003.0,1,8039.21568627451
2025-1292933,2025-12-30,752325.0,69.0,3.0,RUE DES TOURNELLES,72.0,75003.0,1,10903.260869565218
